carrier_cmp,model_twh
nuclear,41.277385359570005
wind,38.69636136783
coal,23.68283061513
lignite,17.27770893282
biomass,7.9325485128199995
hydro,7.5536997344
other,6.80888609567
solar,3.6230581743999997
waste,1.31935388311
gas,1.10301586747
geothermal,0.021277629649999998
oil,0.00177809046
