carrier_palette,reference_twh,reference_twh_annual
other,466.1222165163934,5503.249395
nuclear,55.016177959016396,649.545843
coal,53.80819765573771,635.2838820000001
hydro,43.98550631693989,519.312752
wind,42.88504832786885,506.320248
gas,37.88288172131148,447.26241
solar,26.17398894535519,309.021934
biomass,13.733409267759564,162.142832
oil,7.756621718579234,91.57817899999999
waste,5.006161964480874,59.105009
