carrier_cmp,model_twh
nuclear,41.27718350275
wind,38.697619841110004
coal,23.683314035400002
lignite,17.27767023678
biomass,7.93244846848
hydro,7.55305918474
other,6.8087984643
solar,3.62188111632
waste,1.31963766991
gas,1.10323554263
geothermal,0.02127467362
oil,0.00184937063
