country,installed_mw,reference_mw,delta_mw,delta_pct_vs_reference
AT,23486.07676825811,24286.710368258107,-800.6335999999993,-3.2965913780007017
BE,18089.77014961109,18065.51014961109,24.259999999999916,0.134289039164068
CH,21552.19324,21550.096,2.0972399999999993,0.009731928804400682
CZ,20380.575284556005,20359.210284556008,21.36500000000001,0.10494021969116832
DE,238610.898651,238801.60994599998,-190.71129499999398,-0.07986181292626937
DK,11974.400000000001,12024.49,-50.09,-0.4165665238193054
FR,141596.61805371297,141705.2220005965,-108.60394688350794,-0.07664075137827368
NL,39560.4,40009.8,-449.4000000000004,-1.12322480992157
PL,49479.806738206295,49539.40673820629,-59.600000000000364,-0.1203082635102189
