country,load_shed_mwh
AT,0.0
BE,0.0
CH,0.0
CZ,0.0
DE,0.0007707051206536113
DK,562.726752364348
FR,0.0
NL,0.0
PL,0.0
