country,load_shed_mwh,country_load_mwh,hours_with_load_shedding,load_shed_share_pct
DK,562.7267402896557,4101559.696488916,4,0.01371982323630131
AT,0.0,6220384.331211573,0,0.0
BE,0.0,7692451.285477884,0,0.0
CZ,0.0,6408096.792519188,0,0.0
CH,0.0,6072437.68019104,0,0.0
DE,0.0,36653649.85405797,0,0.0
FR,0.0,45370055.79028984,0,0.0
NL,0.0,11806451.458311286,0,0.0
PL,0.0,17236949.330732852,0,0.0
