carrier_cmp,model_twh
nuclear,379.59366656669
wind,332.58991323985
coal,297.47771089902
lignite,122.25284337413
biomass,99.81559606181
solar,99.68589476818002
other,79.16135311398
hydro,66.42398893186
waste,2.22210188215
gas,0.93511468093
geothermal,0.25004459271
oil,0.0166617524
