carrier_palette,reference_twh,reference_twh_annual
nuclear,647.7711275819672,649.545843
hydro,517.8938646994536,519.312752
wind,504.9368593442623,506.320248
gas,446.0403815573771,447.26241
coal,316.77406684426234,317.64194100000003
solar,308.1776117759563,309.021934
biomass,161.6998187978142,162.142832
other,145.57142916666666,145.970255
oil,91.32796539617486,91.57817899999999
waste,58.943519904371584,59.105009
