carrier_cmp,installed_mw
onwind,117936.0859
solar,86702.24664
nuclear,77560.0
CCGT,76119.52833
coal,40896.445
lignite,37502.634999999995
PHS,28266.77
hydro,25731.655045915082
offwind,25714.543
ror,17708.84042742939
biomass,12171.240833
oil,7418.545985999999
OCGT,6112.7437230000005
waste,4860.859
geothermal,28.599999999999998
